instance,algo,runs,UB_min,UB_mean,runtime_mean_sec,best_time_mean_sec
DSJC250.9,dsatur,1,92,92.0,0.33737850934267044,0.33737850934267044
DSJC250.9,iterlp2_full,1,96,96.0,19.00295690447092,0.0
DSJC250.9,slo,1,96,96.0,0.06040339916944504,0.06040339916944504
