instance,algo,runs,UB_min,UB_mean,runtime_mean_sec,best_time_mean_sec
DSJC500.9,dsatur,1,170,170.0,2.7737269774079323,2.7737269774079323
DSJC500.9,iterlp2_full,1,172,172.0,120.83871591836214,0.0
DSJC500.9,slo,1,172,172.0,0.2629033178091049,0.2629033178091049
