instance,algo,runs,UB_min,UB_mean,runtime_mean_sec,best_time_mean_sec
DSJC250.9,dsatur,1,92,92.0,0.33692536503076553,0.33692536503076553
DSJC250.9,iterlp2_full,1,96,96.0,18.922481037676334,0.0
DSJC250.9,slo,1,96,96.0,0.060839757323265076,0.060839757323265076
