instance,algo,runs,UB_min,UB_mean,runtime_mean_sec,best_time_mean_sec
DSJC500.9,dsatur,1,170,170.0,2.7571864277124405,2.7571864277124405
DSJC500.9,iterlp2_full,1,172,172.0,123.64879083633423,0.0
DSJC500.9,slo,1,172,172.0,0.26675619184970856,0.26675619184970856
