instance,algo,runs,UB_min,UB_mean,runtime_mean_sec,best_time_mean_sec
DSJC500.9,dsatur,1,170,170.0,2.7574627324938774,2.7574627324938774
DSJC500.9,iterlp2_full,1,172,172.0,124.7509054839611,0.0
DSJC500.9,slo,1,172,172.0,0.26401984691619873,0.26401984691619873
