instance,algo,runs,UB_min,UB_mean,runtime_mean_sec,best_time_mean_sec
DSJC250.9,dsatur,1,92,92.0,0.406611867249012,0.406611867249012
DSJC250.9,iterlp2_full,1,96,96.0,23.549715012311935,0.0
DSJC250.9,slo,1,96,96.0,0.0747336745262146,0.0747336745262146
