instance,algo,runs,UB_min,UB_mean,runtime_mean_sec,best_time_mean_sec
DSJC500.9,dsatur,1,170,170.0,2.7894760742783546,2.7894760742783546
DSJC500.9,iterlp2_full,1,172,172.0,127.14984831959009,0.0
DSJC500.9,slo,1,172,172.0,0.2646538093686104,0.2646538093686104
