instance,algo,runs,UB_min,UB_mean,runtime_mean_sec,best_time_mean_sec
DSJC500.9,dsatur,1,170,170.0,3.3065373450517654,3.3065373450517654
DSJC500.9,iterlp2_full,1,172,172.0,151.89382024109364,0.0
DSJC500.9,slo,1,172,172.0,0.32273808866739273,0.32273808866739273
