instance,algo,runs,UB_min,UB_mean,runtime_mean_sec,best_time_mean_sec
DSJC500.9,dsatur,1,170,170.0,3.2881676331162453,3.2881676331162453
DSJC500.9,iterlp2_full,1,172,172.0,146.88438667356968,0.0
DSJC500.9,slo,1,172,172.0,0.32734909653663635,0.32734909653663635
