instance,algo,runs,UB_min,UB_mean,runtime_mean_sec,best_time_mean_sec
DSJC500.9,dsatur,1,170,170.0,3.3315369561314583,3.3315369561314583
DSJC500.9,iterlp2_full,1,172,172.0,151.29439359158278,0.0
DSJC500.9,slo,1,172,172.0,0.3254336342215538,0.3254336342215538
