instance,algo,runs,UB_min,UB_mean,runtime_mean_sec,best_time_mean_sec
DSJC250.9,dsatur,1,92,92.0,0.3410419002175331,0.3410419002175331
DSJC250.9,iterlp2_full,1,96,96.0,19.04565791785717,0.0
DSJC250.9,slo,1,96,96.0,0.06087405979633331,0.06087405979633331
