instance,algo,runs,UB_min,UB_mean,runtime_mean_sec,best_time_mean_sec
DSJC250.9,dsatur,1,92,92.0,0.4086163640022278,0.4086163640022278
DSJC250.9,iterlp2_full,1,96,96.0,22.30958704650402,0.0
DSJC250.9,slo,1,96,96.0,0.07350976765155792,0.07350976765155792
