instance,algo,runs,UB_min,UB_mean,runtime_mean_sec,best_time_mean_sec
DSJC500.9,dsatur,1,170,170.0,2.7702056020498276,2.7702056020498276
DSJC500.9,iterlp2_full,1,172,172.0,126.97751220315695,0.0
DSJC500.9,slo,1,172,172.0,0.26603056490421295,0.26603056490421295
