instance,algo,runs,UB_min,UB_mean,runtime_mean_sec,best_time_mean_sec
DSJC250.9,dsatur,1,92,92.0,0.40571778267621994,0.40571778267621994
DSJC250.9,iterlp2_full,1,96,96.0,22.864225961267948,0.0
DSJC250.9,slo,1,96,96.0,0.072883240878582,0.072883240878582
