instance,algo,runs,UB_min,UB_mean,runtime_mean_sec,best_time_mean_sec
DSJC250.9,dsatur,1,92,92.0,0.3531506732106209,0.3531506732106209
DSJC250.9,iterlp2_full,1,96,96.0,18.761653281748295,0.0
DSJC250.9,slo,1,96,96.0,0.06116466969251633,0.06116466969251633
