instance,family,n,m,density,avg_deg,algo,algo_seed,time_limit_sec,init_heuristic,fix_policy,strong_margin,max_fix_per_round,restarts,perturb_y,LB,UB,gap,feasible,conflicts,runtime_sec,iters,stop_reason,best_time_sec,best_round,ablation
fpsol2.i.1,dimacs,496,11654,0.09493320299771912,46.99193548387097,dsatur,0,6000,,,,,,,41,65,24,True,0,0.5269522741436958,0,baseline,0.5269522741436958,0,
fpsol2.i.1,dimacs,496,11654,0.09493320299771912,46.99193548387097,dsatur,1,6000,,,,,,,41,65,24,True,0,0.5249462723731995,0,baseline,0.5249462723731995,0,
fpsol2.i.1,dimacs,496,11654,0.09493320299771912,46.99193548387097,dsatur,2,6000,,,,,,,41,65,24,True,0,0.5271767303347588,0,baseline,0.5271767303347588,0,
fpsol2.i.1,dimacs,496,11654,0.09493320299771912,46.99193548387097,slo,0,6000,,,,,,,41,65,24,True,0,0.02823663502931595,0,baseline,0.02823663502931595,0,
fpsol2.i.1,dimacs,496,11654,0.09493320299771912,46.99193548387097,slo,1,6000,,,,,,,41,65,24,True,0,0.027732349932193756,0,baseline,0.027732349932193756,0,
fpsol2.i.1,dimacs,496,11654,0.09493320299771912,46.99193548387097,slo,2,6000,,,,,,,41,65,24,True,0,0.027270600199699402,0,baseline,0.027270600199699402,0,
fpsol2.i.1,dimacs,496,11654,0.09493320299771912,46.99193548387097,iterlp2_full,0,6000,smallest_last,prefix_shrink+rounded_support,0.25,30,32,1e-06,41,65,24,True,0,6114.099357716739,12,time_limit,0.0,0,full
fpsol2.i.1,dimacs,496,11654,0.09493320299771912,46.99193548387097,iterlp2_full,1,6000,smallest_last,prefix_shrink+rounded_support,0.25,30,32,1e-06,41,65,24,True,0,6148.760307528079,12,time_limit,0.0,0,full
fpsol2.i.1,dimacs,496,11654,0.09493320299771912,46.99193548387097,iterlp2_full,2,6000,smallest_last,prefix_shrink+rounded_support,0.25,30,32,1e-06,41,65,24,True,0,6133.800585106015,12,time_limit,0.0,0,full
