instance,algo,runs,UB_min,UB_mean,runtime_mean_sec,best_time_mean_sec
DSJC250.9,dsatur,5,92,92.0,0.4029436782002449,0.4029436782002449
DSJC250.9,iterlp2_full,5,86,86.8,43622.61529939622,1099.413536787033
DSJC250.9,slo,5,96,96.0,0.07612838745117187,0.07612838745117187
