instance,family,n,m,density,avg_deg,algo,algo_seed,time_limit_sec,init_heuristic,fix_policy,strong_margin,max_fix_per_round,restarts,perturb_y,LB,UB,gap,feasible,conflicts,runtime_sec,iters,stop_reason,best_time_sec,best_round,ablation
inithx.i.1,dimacs,864,18707,0.050177567486373975,43.30324074074074,dsatur,0,6000,,,,,,,35,54,19,True,0,1.5194549262523651,0,baseline,1.5194549262523651,0,
inithx.i.1,dimacs,864,18707,0.050177567486373975,43.30324074074074,dsatur,1,6000,,,,,,,35,54,19,True,0,1.5102141052484512,0,baseline,1.5102141052484512,0,
inithx.i.1,dimacs,864,18707,0.050177567486373975,43.30324074074074,dsatur,2,6000,,,,,,,35,54,19,True,0,1.5178156942129135,0,baseline,1.5178156942129135,0,
inithx.i.1,dimacs,864,18707,0.050177567486373975,43.30324074074074,slo,0,6000,,,,,,,35,54,19,True,0,0.0497298464179039,0,baseline,0.0497298464179039,0,
inithx.i.1,dimacs,864,18707,0.050177567486373975,43.30324074074074,slo,1,6000,,,,,,,35,54,19,True,0,0.04750877618789673,0,baseline,0.04750877618789673,0,
inithx.i.1,dimacs,864,18707,0.050177567486373975,43.30324074074074,slo,2,6000,,,,,,,35,54,19,True,0,0.05182214081287384,0,baseline,0.05182214081287384,0,
inithx.i.1,dimacs,864,18707,0.050177567486373975,43.30324074074074,iterlp2_full,0,6000,smallest_last,prefix_shrink+rounded_support,0.25,30,32,1e-06,35,54,19,True,0,7137.239753067493,6,time_limit,0.0,0,full
inithx.i.1,dimacs,864,18707,0.050177567486373975,43.30324074074074,iterlp2_full,1,6000,smallest_last,prefix_shrink+rounded_support,0.25,30,32,1e-06,35,54,19,True,0,7154.404541373253,6,time_limit,0.0,0,full
inithx.i.1,dimacs,864,18707,0.050177567486373975,43.30324074074074,iterlp2_full,2,6000,smallest_last,prefix_shrink+rounded_support,0.25,30,32,1e-06,35,54,19,True,0,6013.574489168823,5,time_limit,0.0,0,full
