instance,family,n,m,density,avg_deg,algo,algo_seed,time_limit_sec,init_heuristic,fix_policy,strong_margin,max_fix_per_round,restarts,perturb_y,LB,UB,gap,feasible,conflicts,runtime_sec,iters,stop_reason,best_time_sec,best_round,ablation
myciel4,dimacs,23,71,0.28063241106719367,6.173913043478261,dsatur,0,10,,,,,,,2,5,3,True,0,0.0005917549133300781,0,baseline,0.0005917549133300781,0,
myciel4,dimacs,23,71,0.28063241106719367,6.173913043478261,dsatur,1,10,,,,,,,2,5,3,True,0,0.00040112435817718506,0,baseline,0.00040112435817718506,0,
myciel4,dimacs,23,71,0.28063241106719367,6.173913043478261,dsatur,2,10,,,,,,,2,5,3,True,0,0.00039931386709213257,0,baseline,0.00039931386709213257,0,
myciel4,dimacs,23,71,0.28063241106719367,6.173913043478261,slo,0,10,,,,,,,2,5,3,True,0,0.0003320947289466858,0,baseline,0.0003320947289466858,0,
myciel4,dimacs,23,71,0.28063241106719367,6.173913043478261,slo,1,10,,,,,,,2,5,3,True,0,0.0002828165888786316,0,baseline,0.0002828165888786316,0,
myciel4,dimacs,23,71,0.28063241106719367,6.173913043478261,slo,2,10,,,,,,,2,5,3,True,0,0.00029083341360092163,0,baseline,0.00029083341360092163,0,
myciel4,dimacs,23,71,0.28063241106719367,6.173913043478261,iterlp2_full,0,10,smallest_last,prefix_shrink+rounded_support,0.25,20,16,1e-06,2,5,3,True,0,10.289728000760078,29,time_limit,0.0,0,full
myciel4,dimacs,23,71,0.28063241106719367,6.173913043478261,iterlp2_full,1,10,smallest_last,prefix_shrink+rounded_support,0.25,20,16,1e-06,2,5,3,True,0,10.207233421504498,30,time_limit,0.0,0,full
myciel4,dimacs,23,71,0.28063241106719367,6.173913043478261,iterlp2_full,2,10,smallest_last,prefix_shrink+rounded_support,0.25,20,16,1e-06,2,5,3,True,0,10.219344578683376,31,time_limit,0.0,0,full
