instance,algo,runs,UB_min,UB_mean,runtime_mean_sec,best_time_mean_sec
myciel3,dsatur,3,4,4.0,0.00018138686815897623,0.00018138686815897623
myciel3,iterlp2_full,3,4,4.0,1.7753575121363003,0.0
myciel3,slo,3,4,4.0,0.00016224881013234457,0.00016224881013234457
