instance,algo,runs,UB_min,UB_mean,runtime_mean_sec,best_time_mean_sec
DSJC250.9,dsatur,1,92,92.0,0.4682327210903168,0.4682327210903168
DSJC250.9,iterlp2_full,1,96,96.0,22.405922047793865,0.0
DSJC250.9,slo,1,96,96.0,0.08499497175216675,0.08499497175216675
