instance,algo,runs,UB_min,UB_mean,runtime_mean_sec,best_time_mean_sec
DSJC250.9,dsatur,1,92,92.0,0.4016086235642433,0.4016086235642433
DSJC250.9,iterlp2_full,1,96,96.0,21.925106063485146,0.0
DSJC250.9,slo,1,96,96.0,0.0732748731970787,0.0732748731970787
