instance,algo,runs,UB_min,UB_mean,runtime_mean_sec,best_time_mean_sec
DSJC250.9,dsatur,1,92,92.0,0.7048228457570076,0.7048228457570076
DSJC250.9,iterlp2_full,1,96,96.0,47.41985308378935,0.0
DSJC250.9,slo,1,96,96.0,0.13220839202404022,0.13220839202404022
