instance,algo,runs,UB_min,UB_mean,runtime_mean_sec,best_time_mean_sec
DSJC250.9,dsatur,1,92,92.0,0.7190990298986435,0.7190990298986435
DSJC250.9,iterlp2_full,1,96,96.0,47.67212025821209,0.0
DSJC250.9,slo,1,96,96.0,0.13703380525112152,0.13703380525112152
