instance,algo,runs,UB_min,UB_mean,runtime_mean_sec,best_time_mean_sec
DSJC500.9,dsatur,1,170,170.0,6.619724981486797,6.619724981486797
DSJC500.9,iterlp2_full,1,172,172.0,253.1617638990283,0.0
DSJC500.9,slo,1,172,172.0,0.5407880544662476,0.5407880544662476
