instance,algo,runs,UB_min,UB_mean,runtime_mean_sec,best_time_mean_sec
DSJC250.9,dsatur,1,92,92.0,0.4115478917956352,0.4115478917956352
DSJC250.9,iterlp2_full,1,96,96.0,22.107715293765068,0.0
DSJC250.9,slo,1,96,96.0,0.07464596629142761,0.07464596629142761
