instance,algo,runs,UB_min,UB_mean,runtime_mean_sec,best_time_mean_sec
DSJC250.9,dsatur,1,92,92.0,0.9773809537291527,0.9773809537291527
DSJC250.9,iterlp2_full,1,96,96.0,42.3479518443346,0.0
DSJC250.9,slo,1,96,96.0,0.17419730126857758,0.17419730126857758
