instance,algo,runs,UB_min,UB_mean,runtime_mean_sec,best_time_mean_sec
DSJC250.9,dsatur,1,92,92.0,0.8482170030474663,0.8482170030474663
DSJC250.9,iterlp2_full,1,96,96.0,38.97068503499031,0.0
DSJC250.9,slo,1,96,96.0,0.14995843917131424,0.14995843917131424
