instance,algo,runs,UB_min,UB_mean,runtime_mean_sec,best_time_mean_sec
DSJC500.9,dsatur,1,170,170.0,8.797119438648224,8.797119438648224
DSJC500.9,iterlp2_full,1,172,172.0,656.4645229652524,0.0
DSJC500.9,slo,1,172,172.0,0.7019914835691452,0.7019914835691452
