instance,algo,runs,UB_min,UB_mean,runtime_mean_sec,best_time_mean_sec
DSJC250.9,dsatur,1,92,92.0,0.9571335837244987,0.9571335837244987
DSJC250.9,iterlp2_full,1,96,96.0,48.99196898937225,0.0
DSJC250.9,slo,1,96,96.0,0.1769111007452011,0.1769111007452011
