instance,algo,runs,UB_min,UB_mean,runtime_mean_sec,best_time_mean_sec
DSJC500.9,dsatur,1,170,170.0,3.2455504164099693,3.2455504164099693
DSJC500.9,iterlp2_full,1,172,172.0,147.05901416391134,0.0
DSJC500.9,slo,1,172,172.0,0.32558538764715195,0.32558538764715195
