instance,algo,runs,UB_min,UB_mean,runtime_mean_sec,best_time_mean_sec
DSJC500.9,dsatur,1,170,170.0,7.553655661642551,7.553655661642551
DSJC500.9,iterlp2_full,1,172,172.0,185.8368085026741,0.0
DSJC500.9,slo,1,172,172.0,0.6970494985580444,0.6970494985580444
