instance,algo,runs,UB_min,UB_mean,runtime_mean_sec,best_time_mean_sec
DSJC250.9,dsatur,1,92,92.0,0.41510235518217087,0.41510235518217087
DSJC250.9,iterlp2_full,1,96,96.0,22.1133933365345,0.0
DSJC250.9,slo,1,96,96.0,0.07312101125717163,0.07312101125717163
