instance,algo,runs,UB_min,UB_mean,runtime_mean_sec,best_time_mean_sec
DSJC500.9,dsatur,1,170,170.0,5.594169706106186,5.594169706106186
DSJC500.9,iterlp2_full,1,172,172.0,181.48649221658707,0.0
DSJC500.9,slo,1,172,172.0,0.4947590157389641,0.4947590157389641
