instance,algo,runs,UB_min,UB_mean,runtime_mean_sec,best_time_mean_sec
DSJC250.9,dsatur,1,92,92.0,0.7141363993287086,0.7141363993287086
DSJC250.9,iterlp2_full,1,96,96.0,32.67965370416641,0.0
DSJC250.9,slo,1,96,96.0,0.12822246551513672,0.12822246551513672
