instance,algo,runs,UB_min,UB_mean,runtime_mean_sec,best_time_mean_sec
DSJC1000.9,dsatur,1,299,299.0,54.31706617772579,54.31706617772579
DSJC1000.9,iterlp2_full,1,316,316.0,1127.5901445299387,0.0
DSJC1000.9,slo,1,316,316.0,1.5692853704094887,1.5692853704094887
