instance,algo,runs,UB_min,UB_mean,runtime_mean_sec,best_time_mean_sec
DSJC250.9,dsatur,1,92,92.0,0.4001375064253807,0.4001375064253807
DSJC250.9,iterlp2_full,1,96,96.0,21.931693255901337,0.0
DSJC250.9,slo,1,96,96.0,0.07359455525875092,0.07359455525875092
