instance,algo,runs,UB_min,UB_mean,runtime_mean_sec,best_time_mean_sec
DSJC250.9,dsatur,1,92,92.0,0.7141140922904015,0.7141140922904015
DSJC250.9,iterlp2_full,1,96,96.0,38.75908762961626,0.0
DSJC250.9,slo,1,96,96.0,0.13025487214326859,0.13025487214326859
