instance,algo,runs,UB_min,UB_mean,runtime_mean_sec,best_time_mean_sec
DSJC500.9,dsatur,1,170,170.0,7.025329984724522,7.025329984724522
DSJC500.9,iterlp2_full,1,172,172.0,184.2190015166998,0.0
DSJC500.9,slo,1,172,172.0,0.625935897231102,0.625935897231102
