instance,algo,runs,UB_min,UB_mean,runtime_mean_sec,best_time_mean_sec
DSJC250.9,dsatur,1,92,92.0,0.9197630435228348,0.9197630435228348
DSJC250.9,iterlp2_full,1,96,96.0,41.538289092481136,0.0
DSJC250.9,slo,1,96,96.0,0.15287867933511734,0.15287867933511734
