instance,algo,runs,UB_min,UB_mean,runtime_mean_sec,best_time_mean_sec
DSJC250.9,dsatur,1,92,92.0,0.8317125514149666,0.8317125514149666
DSJC250.9,iterlp2_full,1,96,96.0,44.017826430499554,0.0
DSJC250.9,slo,1,96,96.0,0.1516709327697754,0.1516709327697754
