instance,algo,runs,UB_min,UB_mean,runtime_mean_sec,best_time_mean_sec
DSJC250.9,dsatur,1,92,92.0,0.7275510504841805,0.7275510504841805
DSJC250.9,iterlp2_full,1,96,96.0,34.12970831990242,0.0
DSJC250.9,slo,1,96,96.0,0.12703953683376312,0.12703953683376312
