instance,algo,runs,UB_min,UB_mean,runtime_mean_sec,best_time_mean_sec
DSJC500.9,dsatur,1,170,170.0,2.964271552860737,2.964271552860737
DSJC500.9,iterlp2_full,1,172,172.0,131.17475998401642,0.0
DSJC500.9,slo,1,172,172.0,0.30024392902851105,0.30024392902851105
