instance,algo,runs,UB_min,UB_mean,runtime_mean_sec,best_time_mean_sec
DSJC500.9,dsatur,1,170,170.0,8.35310347378254,8.35310347378254
DSJC500.9,iterlp2_full,1,172,172.0,358.56043384224176,0.0
DSJC500.9,slo,1,172,172.0,0.7144878059625626,0.7144878059625626
