instance,algo,runs,UB_min,UB_mean,runtime_mean_sec,best_time_mean_sec
DSJC250.9,dsatur,1,92,92.0,0.9208080545067787,0.9208080545067787
DSJC250.9,iterlp2_full,1,96,96.0,41.520228274166584,0.0
DSJC250.9,slo,1,96,96.0,0.1599038690328598,0.1599038690328598
