instance,algo,runs,UB_min,UB_mean,runtime_mean_sec,best_time_mean_sec
DSJC500.9,dsatur,1,170,170.0,8.645105049014091,8.645105049014091
DSJC500.9,iterlp2_full,1,172,172.0,640.7693773210049,0.0
DSJC500.9,slo,1,172,172.0,0.6972326263785362,0.6972326263785362
