instance,algo,runs,UB_min,UB_mean,runtime_mean_sec,best_time_mean_sec
DSJC250.9,dsatur,1,92,92.0,0.7285316437482834,0.7285316437482834
DSJC250.9,iterlp2_full,1,96,96.0,34.028860323131084,0.0
DSJC250.9,slo,1,96,96.0,0.12902513146400452,0.12902513146400452
