instance,algo,runs,UB_min,UB_mean,runtime_mean_sec,best_time_mean_sec
DSJC500.9,dsatur,1,170,170.0,3.496051140129566,3.496051140129566
DSJC500.9,iterlp2_full,1,172,172.0,162.57351814210415,0.0
DSJC500.9,slo,1,172,172.0,0.3477877676486969,0.3477877676486969
