instance,algo,runs,UB_min,UB_mean,runtime_mean_sec,best_time_mean_sec
DSJC500.9,dsatur,1,170,170.0,5.848156400024891,5.848156400024891
DSJC500.9,iterlp2_full,1,172,172.0,146.98893705755472,0.0
DSJC500.9,slo,1,172,172.0,0.5354887172579765,0.5354887172579765
